dir;backbone;use_kd;T;use_refinement;entropt_thr;model_size_mb;macs;params;inference_time_ms;throughput_fps;ram_mb;GLOPS;cpu_core
timm-efficientnet-b0_unet/imagenet_dropout-0,5_lr-0,001_256x256;b0;False;;False;;68,94533157348633;3143944704;5802463;65,07493257522583;15,36690028597436;910,5;96,62536954197034;1
timm-efficientnet-b0_unet/imagenet_dropout-0,5_lr-0,001_kd_T1,0_w-0,001_256x256;b0;True;1,0;False;;68,94539260864258;3143944704;5802463;70,70157527923584;14,143956426013146;927,07421875;88,9356337983416;1
timm-efficientnet-b0_unet/imagenet_dropout-0,5_lr-0,001_kd_T1,5_w-0,001_256x256;b0;True;1,5;False;;68,94539260864258;3143944704;5802463;68,38665008544922;14,622737021779812;929,33984375;91,94615323521876;1
timm-efficientnet-b0_unet/imagenet_dropout-0,5_lr-0,001_kd_T2,0_w-0,001_256x256;b0;True;2,0;False;;68,94539260864258;3143944704;5802463;61,962854862213135;16,138701198059724;949,734375;101,47836832215665;1
timm-efficientnet-b0_unet/imagenet_dropout-0,5_lr-0,001_kd_T2,5_w-0,001_256x256;b0;True;2,5;False;;68,94539260864258;3143944704;5802463;64,50377702713013;15,502968137499956;939,8359375;97,48094914434746;1
timm-efficientnet-b0_unet/imagenet_dropout-0,5_lr-0,001_kd_T3,0_w-0,001_256x256;b0;True;3,0;False;;68,94539260864258;3143944704;5802463;67,18504428863525;14,88426495194193;959,70703125;93,59061193718128;1
timm-efficientnet-b0_unet/refinement_thr-0,05_imagenet_dropout-0,5_lr-0,001_256x256;b0;False;;True;0,05;68,94533157348633;3143944704;5802463;62,299156188964844;16,051581773705173;990,4765625;100,93057101652661;1
timm-efficientnet-b0_unet/refinement_thr-0,05_imagenet_dropout-0,5_lr-0,001_kd_T2,0_w-0,001_256x256;b0;True;2,0;True;0,05;68,94539260864258;3143944704;5802463;68,75965595245361;14,543411920087072;990,23828125;91,44736576849645;1
timm-efficientnet-b0_unet/refinement_thr-0,15_imagenet_dropout-0,5_lr-0,001_256x256;b0;False;;True;0,15;68,94533157348633;3143944704;5802463;65,34767150878906;15,302764075771286;1036,9375;96,22208814516517;1
timm-efficientnet-b0_unet/refinement_thr-0,15_imagenet_dropout-0,5_lr-0,001_kd_T2,0_w-0,001_256x256;b0;True;2,0;True;0,15;68,94539260864258;3143944704;5802463;63,073492050170906;15,854520932574406;1030,4765625;99,69147424084889;1
timm-efficientnet-b0_unet/refinement_thr-0,25_imagenet_dropout-0,5_lr-0,001_256x256;b0;False;;True;0,25;68,94533157348633;3143944704;5802463;63,09493780136108;15,849132035730893;1030,640625;99,65758945346576;1
timm-efficientnet-b0_unet/refinement_thr-0,25_imagenet_dropout-0,5_lr-0,001_kd_T2,0_w-0,001_256x256;b0;True;2,0;True;0,25;68,94539260864258;3143944704;5802463;63,0531668663025;15,859631636272816;1030,859375;99,72360978050155;1
timm-efficientnet-b0_unet/refinement_thr-0,35_imagenet_dropout-0,5_lr-0,001_256x256;b0;False;;True;0,35;68,94533157348633;3143944704;5802463;63,05935382843017;15,858075595268028;1030,859375;99,71382556674912;1
timm-efficientnet-b0_unet/refinement_thr-0,35_imagenet_dropout-0,5_lr-0,001_kd_T2,0_w-0,001_256x256;b0;True;2,0;True;0,35;68,94539260864258;3143944704;5802463;62,64915466308593;15,961907313479186;1030,859375;100,36670792790352;1
timm-efficientnet-b0_unet/refinement_thr-0,45_imagenet_dropout-0,5_lr-0,001_256x256;b0;False;;True;0,45;68,94533157348633;3143944704;5802463;62,91958093643188;15,893303564915785;1030,859375;99,9353351439626;1
timm-efficientnet-b0_unet/refinement_thr-0,45_imagenet_dropout-0,5_lr-0,001_kd_T2,0_w-0,001_256x256;b0;True;2,0;True;0,45;68,94539260864258;3143944704;5802463;62,08775043487549;16,10623662470926;1030,859375;101,27423467525104;1
timm-efficientnet-b0_unet/refinement_thr-1,0_imagenet_dropout-0,5_lr-0,001_256x256;b0;False;;True;1,0;68,94533157348633;3143944704;5802463;64,37327861785889;15,534395970979379;1049,17578125;97,6785638855991;1
timm-efficientnet-b0_unet/refinement_thr-1,0_imagenet_dropout-0,5_lr-0,001_kd_T2,0_w-0,001_256x256;b0;True;2,0;True;1,0;68,94539260864258;3143944704;5802463;67,24467277526855;14,871066490902503;1069,0625;93,50762147380958;1
timm-efficientnet-b0_unet/refinement_thr-adaptive_imagenet_dropout-0,5_lr-0,001_256x256;b0;False;;True;adaptive;68,94533157348633;3143944704;5802463;66,97787046432495;14,930304488146415;1093,0546875;93,8801034492307;1
timm-efficientnet-b0_unet/refinement_thr-adaptive_imagenet_dropout-0,5_lr-0,001_kd_T2,0_w-0,001_256x256;b0;True;2,0;True;adaptive;68,94539260864258;3143944704;5802463;63,24148178100586;15,812406221960838;1078,4765625;99,42666159806085;1
timm-efficientnet-b3_unet/imagenet_dropout-0,5_lr-0,001_256x256;b3;False;;False;;146,96746921539307;4003157056;12484523;89,8908019065857;11,124608734041528;1087,32421875;89,06711189783515;1
timm-efficientnet-b3_unet/imagenet_dropout-0,5_lr-0,001_kd_T2,0_w-0,001_256x256;b3;True;2,0;False;;146,96753025054932;4003157056;12484523;89,89332914352417;11,124295979776148;1087,32421875;89,06460788894664;1
timm-efficientnet-b3_unet/refinement_thr-0,05_imagenet_dropout-0,5_lr-0,001_256x256;b3;False;;True;0,05;146,96753025054932;4003157056;12484523;89,85482454299927;11,129062964465067;1087,32421875;89,10277386573323;1
timm-efficientnet-b3_unet/refinement_thr-0,05_imagenet_dropout-0,5_lr-0,001_kd_T2,0_w-0,001_256x256;b3;True;2,0;True;0,05;146,96753025054932;4003157056;12484523;90,20386934280396;11,085998940906578;1087,32421875;88,7579897661974;1
timm-efficientnet-b3_unet/refinement_thr-0,15_imagenet_dropout-0,5_lr-0,001_256x256;b3;False;;True;0,15;146,96753025054932;4003157056;12484523;92,31196641921997;10,83283174208055;1095,31640625;86,73105364954107;1
timm-efficientnet-b3_unet/refinement_thr-0,15_imagenet_dropout-0,5_lr-0,001_kd_T2,0_w-0,001_256x256;b3;True;2,0;True;0,15;146,96753025054932;4003157056;12484523;91,8285608291626;10,889858133140025;1095,32421875;87,18762484903696;1
timm-efficientnet-b3_unet/refinement_thr-0,25_imagenet_dropout-0,5_lr-0,001_256x256;b3;False;;True;0,25;146,96753025054932;4003157056;12484523;91,86255931854248;10,885827778131038;1103,32421875;87,15535656085213;1
timm-efficientnet-b3_unet/refinement_thr-0,25_imagenet_dropout-0,5_lr-0,001_kd_T2,0_w-0,001_256x256;b3;True;2,0;True;0,25;146,96753025054932;4003157056;12484523;90,4059648513794;11,06121705181649;1099,60546875;88,5595781778534;1
timm-efficientnet-b3_unet/refinement_thr-0,35_imagenet_dropout-0,5_lr-0,001_256x256;b3;False;;True;0,35;146,96753025054932;4003157056;12484523;91,6088342666626;10,915977787569233;1122,5703125;87,39674700689407;1
timm-efficientnet-b3_unet/refinement_thr-0,35_imagenet_dropout-0,5_lr-0,001_kd_T2,0_w-0,001_256x256;b3;True;2,0;True;0,35;146,96753025054932;4003157056;12484523;91,36664867401123;10,944912771923141;1188,2265625;87,62840958045729;1
timm-efficientnet-b3_unet/refinement_thr-0,45_imagenet_dropout-0,5_lr-0,001_256x256;b3;False;;True;0,45;146,96753025054932;4003157056;12484523;89,337158203125;11,193550590968094;1171,42578125;89,6190820598538;1
timm-efficientnet-b3_unet/refinement_thr-0,45_imagenet_dropout-0,5_lr-0,001_kd_T2,0_w-0,001_256x256;b3;True;2,0;True;0,45;146,96753025054932;4003157056;12484523;86,72547340393066;11,530637548006476;1171,44140625;92,31790612096133;1
timm-efficientnet-b3_unet/refinement_thr-1,0_imagenet_dropout-0,5_lr-0,001_256x256;b3;False;;True;1,0;146,96753025054932;4003157056;12484523;86,77213191986084;11,524437372629714;1171,44140625;92,26826556934549;1
timm-efficientnet-b3_unet/refinement_thr-1,0_imagenet_dropout-0,5_lr-0,001_kd_T2,0_w-0,001_256x256;b3;True;2,0;True;1,0;146,96753025054932;4003157056;12484523;85,93567609786987;11,636610606997802;1171,44140625;93,16635971865539;1
timm-efficientnet-b3_unet/refinement_thr-adaptive_imagenet_dropout-0,5_lr-0,001_256x256;b3;False;;True;adaptive;146,96753025054932;4003157056;12484523;86,47118806838989;11,564545628875852;1171,44140625;92,58938486733665;1
timm-efficientnet-b3_unet/refinement_thr-adaptive_imagenet_dropout-0,5_lr-0,001_kd_T2,0_w-0,001_256x256;b3;True;2,0;True;adaptive;146,96759128570557;4003157056;12484523;86,48468255996704;11,56274117450355;1171,44140625;92,57493783883122;1
timm-efficientnet-b5_unet/imagenet_dropout-0,5_lr-0,001_256x256;b5;False;;False;;350,66991329193115;5967162176;29997299;133,3316683769226;7,500093654967588;1158,3828125;89,5085503487604;1
timm-efficientnet-b5_unet/imagenet_dropout-0,5_lr-0,001_kd_T2,0_w-0,001_256x256;b5;True;2,0;False;;350,6699743270874;5967162176;29997299;130,19057512283325;7,681047564745082;1232,16796875;91,66811300080754;1
timm-efficientnet-b5_unet/refinement_thr-0,05_imagenet_dropout-0,5_lr-0,001_256x256;b5;False;;True;0,05;350,6699743270874;5967162176;29997299;133,7632417678833;7,475895371430069;1276,3828125;89,21976018426196;1
timm-efficientnet-b5_unet/refinement_thr-0,05_imagenet_dropout-0,5_lr-0,001_kd_T2,0_w-0,001_256x256;b5;True;2,0;True;0,05;350,6699743270874;5967162176;29997299;134,84046459197998;7,416171421731202;1304,37109375;88,50699519697315;1
timm-efficientnet-b5_unet/refinement_thr-0,15_imagenet_dropout-0,5_lr-0,001_256x256;b5;False;;True;0,15;350,6699743270874;5967162176;29997299;130,7138204574585;7,650300454078269;1225,13671875;91,30116700922295;1
timm-efficientnet-b5_unet/refinement_thr-0,15_imagenet_dropout-0,5_lr-0,001_kd_T2,0_w-0,001_256x256;b5;True;2,0;True;0,15;350,6699743270874;5967162176;29997299;134,26363468170166;7,448033135485246;1225,13671875;88,88724322332449;1
timm-efficientnet-b5_unet/refinement_thr-0,25_imagenet_dropout-0,5_lr-0,001_256x256;b5;False;;True;0,25;350,6699743270874;5967162176;29997299;130,40562868118286;7,668380652838316;1309,33984375;91,51694196557398;1
timm-efficientnet-b5_unet/refinement_thr-0,25_imagenet_dropout-0,5_lr-0,001_kd_T2,0_w-0,001_256x256;b5;True;2,0;True;0,25;350,6699743270874;5967162176;29997299;133,27405452728271;7,50333591595871;1323,15625;89,54724454306228;1
timm-efficientnet-b5_unet/refinement_thr-0,35_imagenet_dropout-0,5_lr-0,001_256x256;b5;False;;True;0,35;350,6699743270874;5967162176;29997299;130,2342414855957;7,678472178997587;1320,22265625;91,63737751196543;1
timm-efficientnet-b5_unet/refinement_thr-0,35_imagenet_dropout-0,5_lr-0,001_kd_T2,0_w-0,001_256x256;b5;True;2,0;True;0,35;350,6699743270874;5967162176;29997299;129,55025434494019;7,719012247844782;1320,22265625;92,12119584284025;1
timm-efficientnet-b5_unet/refinement_thr-0,45_imagenet_dropout-0,5_lr-0,001_256x256;b5;False;;True;0,45;350,6699743270874;5967162176;29997299;134,25530195236206;7,448495407316062;1317,28125;88,89276012529226;1
timm-efficientnet-b5_unet/refinement_thr-0,45_imagenet_dropout-0,5_lr-0,001_kd_T2,0_w-0,001_256x256;b5;True;2,0;True;0,45;350,6699743270874;5967162176;29997299;135,323166847229;7,389717690607511;1331,3359375;88,19128778942242;1
timm-efficientnet-b5_unet/refinement_thr-1,0_imagenet_dropout-0,5_lr-0,001_256x256;b5;False;;True;1,0;350,6699743270874;5967162176;29997299;130,85200786590576;7,642221287309384;1291,56640625;91,20474761250918;1
timm-efficientnet-b5_unet/refinement_thr-1,0_imagenet_dropout-0,5_lr-0,001_kd_T2,0_w-0,001_256x256;b5;True;2,0;True;1,0;350,67003536224365;5967162176;29997299;130,928373336792;7,637763874356418;1291,56640625;91,15155140055768;1
timm-efficientnet-b5_unet/refinement_thr-adaptive_imagenet_dropout-0,5_lr-0,001_256x256;b5;False;;True;adaptive;350,6699743270874;5967162176;29997299;133,89686346054077;7,468434839735425;1305,3515625;89,13072377917972;1
timm-efficientnet-b5_unet/refinement_thr-adaptive_imagenet_dropout-0,5_lr-0,001_kd_T2,0_w-0,001_256x256;b5;True;2,0;True;adaptive;350,67003536224365;5967162176;29997299;134,22486782073975;7,450184278337468;1319,4921875;88,91291565985041;1
timm-efficientnet-b7_unet/imagenet_dropout-0,5_lr-0,001_256x256;b7;False;;False;;757,5920314788818;9818342400;65148819;212,67507076263428;4,702008544838317;1457,9609375;92,33185972189669;1
timm-efficientnet-b7_unet/imagenet_dropout-0,5_lr-0,001_kd_T2,0_w-0,001_256x256;b7;True;2,0;False;;757,5920314788818;9818342400;65148819;213,41928243637085;4,6856122304606735;1561,28515625;92,0098904645812;1
timm-efficientnet-b7_unet/refinement_thr-0,05_imagenet_dropout-0,5_lr-0,001_256x256;b7;False;;True;0,05;757,5920314788818;9818342400;65148819;215,37383794784546;4,643089474229262;1965,21484375;91,17488450363774;1
timm-efficientnet-b7_unet/refinement_thr-0,05_imagenet_dropout-0,5_lr-0,001_kd_T2,0_w-0,001_256x256;b7;True;2,0;True;0,05;757,5920925140381;9818342400;65148819;213,45654726028442;4,684794225499305;1895,1484375;91,99382755898998;1
timm-efficientnet-b7_unet/refinement_thr-0,15_imagenet_dropout-0,5_lr-0,001_256x256;b7;False;;True;0,15;757,5920314788818;9818342400;65148819;212,28586435317993;4,710629240655893;1895,15234375;92,50114160842313;1
timm-efficientnet-b7_unet/refinement_thr-0,15_imagenet_dropout-0,5_lr-0,001_kd_T2,0_w-0,001_256x256;b7;True;2,0;True;0,15;757,5920925140381;9818342400;65148819;214,21546936035156;4,668196946681791;1895,15234375;91,66791202631275;1
timm-efficientnet-b7_unet/refinement_thr-0,25_imagenet_dropout-0,5_lr-0,001_256x256;b7;False;;True;0,25;757,5920314788818;9818342400;65148819;212,7608299255371;4,7001132696746115;1895,15234375;92,29464280089773;1
timm-efficientnet-b7_unet/refinement_thr-0,25_imagenet_dropout-0,5_lr-0,001_kd_T2,0_w-0,001_256x256;b7;True;2,0;True;0,25;757,5920925140381;9818342400;65148819;213,8145089149475;4,676951087532541;1895,984375;91,83981433089373;1
timm-efficientnet-b7_unet/refinement_thr-0,35_imagenet_dropout-0,5_lr-0,001_256x256;b7;False;;True;0,35;757,5920314788818;9818342400;65148819;214,0121579170227;4,672631731453884;1896,03125;91,75499649703818;1
timm-efficientnet-b7_unet/refinement_thr-0,35_imagenet_dropout-0,5_lr-0,001_kd_T2,0_w-0,001_256x256;b7;True;2,0;True;0,35;757,5920925140381;9818342400;65148819;211,60305738449097;4,72582963762646;1896,03125;92,79962701256902;1
timm-efficientnet-b7_unet/refinement_thr-0,45_imagenet_dropout-0,5_lr-0,001_256x256;b7;False;;True;0,45;757,5920314788818;9818342400;65148819;213,83390426635742;4,6765268745894115;1974,03515625;91,83148419504141;1
timm-efficientnet-b7_unet/refinement_thr-0,45_imagenet_dropout-0,5_lr-0,001_kd_T2,0_w-0,001_256x256;b7;True;2,0;True;0,45;757,5920925140381;9818342400;65148819;213,35748434066772;4,686969398286028;1912,16015625;92,0365407413884;1
timm-efficientnet-b7_unet/refinement_thr-1,0_imagenet_dropout-0,5_lr-0,001_256x256;b7;False;;True;1,0;757,5920314788818;9818342400;65148819;214,43607807159424;4,663394373712281;1912,16015625;91,57360541468147;1
timm-efficientnet-b7_unet/refinement_thr-1,0_imagenet_dropout-0,5_lr-0,001_kd_T2,0_w-0,001_256x256;b7;True;2,0;True;1,0;757,5920925140381;9818342400;65148819;213,28425407409668;4,688578649845346;1912,16015625;92,06814110702263;1
timm-efficientnet-b7_unet/refinement_thr-adaptive_imagenet_dropout-0,5_lr-0,001_256x256;b7;False;;True;adaptive;757,5920925140381;9818342400;65148819;213,18424940109253;4,690778060805814;1912,16015625;92,11133024679903;1
timm-efficientnet-b7_unet/refinement_thr-adaptive_imagenet_dropout-0,5_lr-0,001_kd_T2,0_w-0,001_256x256;b7;True;2,0;True;adaptive;757,5920925140381;9818342400;65148819;213,22016716003418;4,689987881162487;1912,16015625;92,09581373820762;1
timm-efficientnet-b0_unet/imagenet_dropout-0,5_lr-0,001_256x256;b0;False;;False;;68,94533157348633;3143944704;5802463;40,759992599487305;24,53386117672108;910,09765625;154,26620583044686;2
timm-efficientnet-b0_unet/imagenet_dropout-0,5_lr-0,001_kd_T1,0_w-0,001_256x256;b0;True;1,0;False;;68,94539260864258;3143944704;5802463;39,28903341293335;25,45239506123394;930,56640625;160,04184531376438;2
timm-efficientnet-b0_unet/imagenet_dropout-0,5_lr-0,001_kd_T1,5_w-0,001_256x256;b0;True;1,5;False;;68,94539260864258;3143944704;5802463;36,220479011535645;27,60869064380722;955,0625;173,60039346794412;2
timm-efficientnet-b0_unet/imagenet_dropout-0,5_lr-0,001_kd_T2,0_w-0,001_256x256;b0;True;2,0;False;;68,94539260864258;3143944704;5802463;36,01001501083374;27,77005229515029;953,3828125;174,6150176862816;2
timm-efficientnet-b0_unet/imagenet_dropout-0,5_lr-0,001_kd_T2,5_w-0,001_256x256;b0;True;2,5;False;;68,94539260864258;3143944704;5802463;36,64088249206543;27,291919080184535;957,33203125;171,60856890828543;2
timm-efficientnet-b0_unet/imagenet_dropout-0,5_lr-0,001_kd_T3,0_w-0,001_256x256;b0;True;3,0;False;;68,94539260864258;3143944704;5802463;37,585997581481934;26,605652752254876;958,48046875;167,2934021338295;2
timm-efficientnet-b0_unet/refinement_thr-0,05_imagenet_dropout-0,5_lr-0,001_256x256;b0;False;;True;0,05;68,94533157348633;3143944704;5802463;43,63917112350464;22,915192343362055;978,55078125;144,08819521810895;2
timm-efficientnet-b0_unet/refinement_thr-0,05_imagenet_dropout-0,5_lr-0,001_kd_T2,0_w-0,001_256x256;b0;True;2,0;True;0,05;68,94539260864258;3143944704;5802463;39,99541997909546;25,00286284086211;990,265625;157,21523642673367;2
timm-efficientnet-b0_unet/refinement_thr-0,15_imagenet_dropout-0,5_lr-0,001_256x256;b0;False;;True;0,15;68,94533157348633;3143944704;5802463;40,625858306884766;24,614864563502216;1030,12109375;154,77554616820012;2
timm-efficientnet-b0_unet/refinement_thr-0,15_imagenet_dropout-0,5_lr-0,001_kd_T2,0_w-0,001_256x256;b0;True;2,0;True;0,15;68,94539260864258;3143944704;5802463;36,77908182144165;27,18936826250554;1013,49609375;170,9637407080199;2
timm-efficientnet-b0_unet/refinement_thr-0,25_imagenet_dropout-0,5_lr-0,001_256x256;b0;False;;True;0,25;68,94533157348633;3143944704;5802463;36,84511184692383;27,140642269036544;1010,25;170,65735704979195;2
timm-efficientnet-b0_unet/refinement_thr-0,25_imagenet_dropout-0,5_lr-0,001_kd_T2,0_w-0,001_256x256;b0;True;2,0;True;0,25;68,94539260864258;3143944704;5802463;36,655402183532715;27,281108388690544;1011,875;171,54059247574722;2
timm-efficientnet-b0_unet/refinement_thr-0,35_imagenet_dropout-0,5_lr-0,001_256x256;b0;False;;True;0,35;68,94533157348633;3143944704;5802463;36,57256364822388;27,342901351367647;1013,5;171,9291397912535;2
timm-efficientnet-b0_unet/refinement_thr-0,35_imagenet_dropout-0,5_lr-0,001_kd_T2,0_w-0,001_256x256;b0;True;2,0;True;0,35;68,94539260864258;3143944704;5802463;36,648011207580566;27,28661029750919;1011,0;171,57518786993177;2
timm-efficientnet-b0_unet/refinement_thr-0,45_imagenet_dropout-0,5_lr-0,001_256x256;b0;False;;True;0,45;68,94533157348633;3143944704;5802463;36,28556728363037;27,55916676686858;1013,4765625;173,28899280669853;2
timm-efficientnet-b0_unet/refinement_thr-0,45_imagenet_dropout-0,5_lr-0,001_kd_T2,0_w-0,001_256x256;b0;True;2,0;True;0,45;68,94539260864258;3143944704;5802463;38,513803482055664;25,96471679214751;1017,2265625;163,26326769906407;2
timm-efficientnet-b0_unet/refinement_thr-1,0_imagenet_dropout-0,5_lr-0,001_256x256;b0;False;;True;1,0;68,94533157348633;3143944704;5802463;35,59902906417847;28,090653770280785;1039,22265625;176,63092430594378;2
timm-efficientnet-b0_unet/refinement_thr-1,0_imagenet_dropout-0,5_lr-0,001_kd_T2,0_w-0,001_256x256;b0;True;2,0;True;1,0;68,94539260864258;3143944704;5802463;37,2981071472168;26,811012045543453;1062,453125;168,58467865893311;2
timm-efficientnet-b0_unet/refinement_thr-adaptive_imagenet_dropout-0,5_lr-0,001_256x256;b0;False;;True;adaptive;68,94533157348633;3143944704;5802463;36,93718910217285;27,07298590680184;1092,171875;170,23194132631252;2
timm-efficientnet-b0_unet/refinement_thr-adaptive_imagenet_dropout-0,5_lr-0,001_kd_T2,0_w-0,001_256x256;b0;True;2,0;True;adaptive;68,94539260864258;3143944704;5802463;37,053799629211426;26,987785598420743;1080,4140625;169,69621120968472;2
timm-efficientnet-b3_unet/imagenet_dropout-0,5_lr-0,001_256x256;b3;False;;False;;146,96746921539307;4003157056;12484523;56,84096813201904;17,5929445409409;1081,18359375;140,85464014976847;2
timm-efficientnet-b3_unet/imagenet_dropout-0,5_lr-0,001_kd_T2,0_w-0,001_256x256;b3;True;2,0;False;;146,96753025054932;4003157056;12484523;56,88749551773071;17,578555548966285;1081,125;140,7394373602647;2
timm-efficientnet-b3_unet/refinement_thr-0,05_imagenet_dropout-0,5_lr-0,001_256x256;b3;False;;True;0,05;146,96753025054932;4003157056;12484523;56,55624866485596;17,681512186670187;1081,125;141,5637405416375;2
timm-efficientnet-b3_unet/refinement_thr-0,05_imagenet_dropout-0,5_lr-0,001_kd_T2,0_w-0,001_256x256;b3;True;2,0;True;0,05;146,96753025054932;4003157056;12484523;56,78373575210571;17,61067648605555;1081,27734375;140,99660767217313;2
timm-efficientnet-b3_unet/refinement_thr-0,15_imagenet_dropout-0,5_lr-0,001_256x256;b3;False;;True;0,15;146,96753025054932;4003157056;12484523;56,49387836456299;17,701032907439256;1081,29296875;141,72002956380732;2
timm-efficientnet-b3_unet/refinement_thr-0,15_imagenet_dropout-0,5_lr-0,001_kd_T2,0_w-0,001_256x256;b3;True;2,0;True;0,15;146,96753025054932;4003157056;12484523;54,28495407104492;18,42131060277327;1080,35546875;147,4867990405189;2
timm-efficientnet-b3_unet/refinement_thr-0,25_imagenet_dropout-0,5_lr-0,001_256x256;b3;False;;True;0,25;146,96753025054932;4003157056;12484523;54,27809953689575;18,423636946246543;1080,48828125;147,5054244770983;2
timm-efficientnet-b3_unet/refinement_thr-0,25_imagenet_dropout-0,5_lr-0,001_kd_T2,0_w-0,001_256x256;b3;True;2,0;True;0,25;146,96753025054932;4003157056;12484523;53,7946343421936;18,589214560673277;1083,4375;148,83109086811433;2
timm-efficientnet-b3_unet/refinement_thr-0,35_imagenet_dropout-0,5_lr-0,001_256x256;b3;False;;True;0,35;146,96753025054932;4003157056;12484523;57,045650482177734;17,52982026758414;1132,6875;140,34924738918247;2
timm-efficientnet-b3_unet/refinement_thr-0,35_imagenet_dropout-0,5_lr-0,001_kd_T2,0_w-0,001_256x256;b3;True;2,0;True;0,35;146,96753025054932;4003157056;12484523;53,43960523605347;18,712713082044658;1148,7734375;149,81985882258118;2
timm-efficientnet-b3_unet/refinement_thr-0,45_imagenet_dropout-0,5_lr-0,001_256x256;b3;False;;True;0,45;146,96753025054932;4003157056;12484523;56,93267583847046;17,564605655233958;1155,078125;140,62775012921466;2
timm-efficientnet-b3_unet/refinement_thr-0,45_imagenet_dropout-0,5_lr-0,001_kd_T2,0_w-0,001_256x256;b3;True;2,0;True;0,45;146,96753025054932;4003157056;12484523;52,56074666976929;19,025604911643267;1137,33203125;152,324969093426;2
timm-efficientnet-b3_unet/refinement_thr-1,0_imagenet_dropout-0,5_lr-0,001_256x256;b3;False;;True;1,0;146,96753025054932;4003157056;12484523;52,273547649383545;19,130134551175672;1135,33203125;153,16186622153657;2
timm-efficientnet-b3_unet/refinement_thr-1,0_imagenet_dropout-0,5_lr-0,001_kd_T2,0_w-0,001_256x256;b3;True;2,0;True;1,0;146,96753025054932;4003157056;12484523;52,23386287689209;19,144668705756267;1137,45703125;153,27823122846118;2
timm-efficientnet-b3_unet/refinement_thr-adaptive_imagenet_dropout-0,5_lr-0,001_256x256;b3;False;;True;adaptive;146,96753025054932;4003157056;12484523;52,310264110565186;19,116707151131138;1135,45703125;153,05436223907253;2
timm-efficientnet-b3_unet/refinement_thr-adaptive_imagenet_dropout-0,5_lr-0,001_kd_T2,0_w-0,001_256x256;b3;True;2,0;True;adaptive;146,96759128570557;4003157056;12484523;52,32658386230469;19,11074498254004;1146,90625;153,00662724454352;2
timm-efficientnet-b5_unet/imagenet_dropout-0,5_lr-0,001_256x256;b5;False;;False;;350,66991329193115;5967162176;29997299;76,67050361633301;13,042825504369993;1190,0625;155,6573100356895;2
timm-efficientnet-b5_unet/imagenet_dropout-0,5_lr-0,001_kd_T2,0_w-0,001_256x256;b5;True;2,0;False;;350,6699743270874;5967162176;29997299;77,30292081832886;12,936121810327451;1241,1953125;154,38387354142924;2
timm-efficientnet-b5_unet/refinement_thr-0,05_imagenet_dropout-0,5_lr-0,001_256x256;b5;False;;True;0,05;350,6699743270874;5967162176;29997299;77,50849723815918;12,901811228868432;1389,32421875;153,9743999335916;2
timm-efficientnet-b5_unet/refinement_thr-0,05_imagenet_dropout-0,5_lr-0,001_kd_T2,0_w-0,001_256x256;b5;True;2,0;True;0,05;350,6699743270874;5967162176;29997299;77,49731540679932;12,903672788544931;1387,32421875;153,9966163905715;2
timm-efficientnet-b5_unet/refinement_thr-0,15_imagenet_dropout-0,5_lr-0,001_256x256;b5;False;;True;0,15;350,6699743270874;5967162176;29997299;77,86452770233154;12,842818540207448;1385,75390625;153,27036205271486;2
timm-efficientnet-b5_unet/refinement_thr-0,15_imagenet_dropout-0,5_lr-0,001_kd_T2,0_w-0,001_256x256;b5;True;2,0;True;0,15;350,6699743270874;5967162176;29997299;76,93697214126587;12,997652132239821;1387,953125;155,1181963606144;2
timm-efficientnet-b5_unet/refinement_thr-0,25_imagenet_dropout-0,5_lr-0,001_256x256;b5;False;;True;0,25;350,6699743270874;5967162176;29997299;77,71401405334473;12,867692039605322;1393,8359375;153,56721046229833;2
timm-efficientnet-b5_unet/refinement_thr-0,25_imagenet_dropout-0,5_lr-0,001_kd_T2,0_w-0,001_256x256;b5;True;2,0;True;0,25;350,6699743270874;5967162176;29997299;77,2170901298523;12,950500961877063;1395,98046875;154,55547899992885;2
timm-efficientnet-b5_unet/refinement_thr-0,35_imagenet_dropout-0,5_lr-0,001_256x256;b5;False;;True;0,35;350,6699743270874;5967162176;29997299;77,69644260406494;12,870602134204812;1388,14453125;153,6019404751437;2
timm-efficientnet-b5_unet/refinement_thr-0,35_imagenet_dropout-0,5_lr-0,001_kd_T2,0_w-0,001_256x256;b5;True;2,0;True;0,35;350,6699743270874;5967162176;29997299;76,9662857055664;12,992701815253083;1390,26953125;155,05911767204947;2
timm-efficientnet-b5_unet/refinement_thr-0,45_imagenet_dropout-0,5_lr-0,001_256x256;b5;False;;True;0,45;350,6699743270874;5967162176;29997299;77,4391770362854;12,91336037224974;1388,2734375;154,11223115669188;2
timm-efficientnet-b5_unet/refinement_thr-0,45_imagenet_dropout-0,5_lr-0,001_kd_T2,0_w-0,001_256x256;b5;True;2,0;True;0,45;350,6699743270874;5967162176;29997299;77,291738986969;12,937993285008053;1397,90625;154,4062083272841;2
timm-efficientnet-b5_unet/refinement_thr-1,0_imagenet_dropout-0,5_lr-0,001_256x256;b5;False;;True;1,0;350,6699743270874;5967162176;29997299;78,18776369094849;12,789725051514248;1390,25;152,63672713767096;2
timm-efficientnet-b5_unet/refinement_thr-1,0_imagenet_dropout-0,5_lr-0,001_kd_T2,0_w-0,001_256x256;b5;True;2,0;True;1,0;350,67003536224365;5967162176;29997299;77,86864042282104;12,84214023219197;1392,375;153,26226690484756;2
timm-efficientnet-b5_unet/refinement_thr-adaptive_imagenet_dropout-0,5_lr-0,001_256x256;b5;False;;True;adaptive;350,6699743270874;5967162176;29997299;78,24175357818604;12,780899638205478;1390,63671875;152,53140179270363;2
timm-efficientnet-b5_unet/refinement_thr-adaptive_imagenet_dropout-0,5_lr-0,001_kd_T2,0_w-0,001_256x256;b5;True;2,0;True;adaptive;350,67003536224365;5967162176;29997299;77,46647596359253;12,908809747199253;1392,828125;154,05792252133506;2
timm-efficientnet-b7_unet/imagenet_dropout-0,5_lr-0,001_256x256;b7;False;;False;;757,5920314788818;9818342400;65148819;119,06245946884155;8,398952990398273;1547,0625;164,92759252246833;2
timm-efficientnet-b7_unet/imagenet_dropout-0,5_lr-0,001_kd_T2,0_w-0,001_256x256;b7;True;2,0;False;;757,5920314788818;9818342400;65148819;118,81635189056396;8,416349972780278;1646,91796875;165,2692115819749;2
timm-efficientnet-b7_unet/refinement_thr-0,05_imagenet_dropout-0,5_lr-0,001_256x256;b7;False;;True;0,05;757,5920314788818;9818342400;65148819;119,64012384414673;8,358399906896485;1789,08203125;164,13126440407564;2
timm-efficientnet-b7_unet/refinement_thr-0,05_imagenet_dropout-0,5_lr-0,001_kd_T2,0_w-0,001_256x256;b7;True;2,0;True;0,05;757,5920925140381;9818342400;65148819;118,80364418029785;8,417250219045368;1719,32421875;165,28688943412484;2
timm-efficientnet-b7_unet/refinement_thr-0,15_imagenet_dropout-0,5_lr-0,001_256x256;b7;False;;True;0,15;757,5920314788818;9818342400;65148819;119,18705701828003;8,390172767221086;1719,42578125;164,75517804746426;2
timm-efficientnet-b7_unet/refinement_thr-0,15_imagenet_dropout-0,5_lr-0,001_kd_T2,0_w-0,001_256x256;b7;True;2,0;True;0,15;757,5920925140381;9818342400;65148819;118,61006021499634;8,430988047618966;1729,203125;165,55665484366102;2
timm-efficientnet-b7_unet/refinement_thr-0,25_imagenet_dropout-0,5_lr-0,001_256x256;b7;False;;True;0,25;757,5920314788818;9818342400;65148819;118,9337968826294;8,40803897807834;1729,140625;165,10601119863847;2
timm-efficientnet-b7_unet/refinement_thr-0,25_imagenet_dropout-0,5_lr-0,001_kd_T2,0_w-0,001_256x256;b7;True;2,0;True;0,25;757,5920925140381;9818342400;65148819;119,70396041870117;8,353942480283814;1797,046875;164,04373532266348;2
timm-efficientnet-b7_unet/refinement_thr-0,35_imagenet_dropout-0,5_lr-0,001_256x256;b7;False;;True;0,35;757,5920314788818;9818342400;65148819;118,8821792602539;8,411689676472239;1755,578125;165,17769881229935;2
timm-efficientnet-b7_unet/refinement_thr-0,35_imagenet_dropout-0,5_lr-0,001_kd_T2,0_w-0,001_256x256;b7;True;2,0;True;0,35;757,5920925140381;9818342400;65148819;118,99831295013428;8,403480479753068;1755,515625;165,01649740386375;2
timm-efficientnet-b7_unet/refinement_thr-0,45_imagenet_dropout-0,5_lr-0,001_256x256;b7;False;;True;0,45;757,5920314788818;9818342400;65148819;119,66025829315186;8,35699349361366;1760,28125;164,10364710974227;2
timm-efficientnet-b7_unet/refinement_thr-0,45_imagenet_dropout-0,5_lr-0,001_kd_T2,0_w-0,001_256x256;b7;True;2,0;True;0,45;757,5920925140381;9818342400;65148819;119,35575008392334;8,378314402924566;1859,640625;164,52231908552992;2
timm-efficientnet-b7_unet/refinement_thr-1,0_imagenet_dropout-0,5_lr-0,001_256x256;b7;False;;True;1,0;757,5920314788818;9818342400;65148819;118,33018064498901;8,450929378703247;1859,578125;165,94823647665552;2
timm-efficientnet-b7_unet/refinement_thr-1,0_imagenet_dropout-0,5_lr-0,001_kd_T2,0_w-0,001_256x256;b7;True;2,0;True;1,0;757,5920925140381;9818342400;65148819;118,87311935424805;8,412330772779237;1859,515625;165,19028781840632;2
timm-efficientnet-b7_unet/refinement_thr-adaptive_imagenet_dropout-0,5_lr-0,001_256x256;b7;False;;True;adaptive;757,5920925140381;9818342400;65148819;119,55269575119019;8,364512349275442;1859,453125;164,25129250842937;2
timm-efficientnet-b7_unet/refinement_thr-adaptive_imagenet_dropout-0,5_lr-0,001_kd_T2,0_w-0,001_256x256;b7;True;2,0;True;adaptive;757,5920925140381;9818342400;65148819;117,42435693740845;8,516120727261356;1859,7109375;167,22837843997803;2
timm-efficientnet-b0_unet/imagenet_dropout-0,5_lr-0,001_256x256;b0;False;;False;;68,94533157348633;3143944704;5802463;33,22875499725342;30,09441672077864;920,39453125;189,2303641385221;3
timm-efficientnet-b0_unet/imagenet_dropout-0,5_lr-0,001_kd_T1,0_w-0,001_256x256;b0;True;1,0;False;;68,94539260864258;3143944704;5802463;27,1986722946167;36,76650055443791;941,4375;231,1836894054763;3
timm-efficientnet-b0_unet/imagenet_dropout-0,5_lr-0,001_kd_T1,5_w-0,001_256x256;b0;True;1,5;False;;68,94539260864258;3143944704;5802463;29,14454936981201;34,31173312412928;957,734375;215,74838328133524;3
timm-efficientnet-b0_unet/imagenet_dropout-0,5_lr-0,001_kd_T2,0_w-0,001_256x256;b0;True;2,0;False;;68,94539260864258;3143944704;5802463;27,934086322784424;35,79855766337882;961,1875;225,09737155323694;3
timm-efficientnet-b0_unet/imagenet_dropout-0,5_lr-0,001_kd_T2,5_w-0,001_256x256;b0;True;2,5;False;;68,94539260864258;3143944704;5802463;27,63230800628662;36,189521330338756;965,31640625;227,5557078536271;3
timm-efficientnet-b0_unet/imagenet_dropout-0,5_lr-0,001_kd_T3,0_w-0,001_256x256;b0;True;3,0;False;;68,94539260864258;3143944704;5802463;28,09385061264038;35,59497819604928;969,49609375;223,8172863769292;3
timm-efficientnet-b0_unet/refinement_thr-0,05_imagenet_dropout-0,5_lr-0,001_256x256;b0;False;;True;0,05;68,94533157348633;3143944704;5802463;30,489015579223633;32,798697530970394;984,625;206,23458280118447;3
timm-efficientnet-b0_unet/refinement_thr-0,05_imagenet_dropout-0,5_lr-0,001_kd_T2,0_w-0,001_256x256;b0;True;2,0;True;0,05;68,94539260864258;3143944704;5802463;27,14214324951172;36,843074285152106;1010,8828125;231,66517655576507;3
timm-efficientnet-b0_unet/refinement_thr-0,15_imagenet_dropout-0,5_lr-0,001_256x256;b0;False;;True;0,15;68,94533157348633;3143944704;5802463;28,29662561416626;35,339902843375285;1019,6484375;222,21340076860852;3
timm-efficientnet-b0_unet/refinement_thr-0,15_imagenet_dropout-0,5_lr-0,001_kd_T2,0_w-0,001_256x256;b0;True;2,0;True;0,15;68,94539260864258;3143944704;5802463;27,758455276489258;36,025059393235615;1016,54296875;226,5215893812971;3
timm-efficientnet-b0_unet/refinement_thr-0,25_imagenet_dropout-0,5_lr-0,001_256x256;b0;False;;True;0,25;68,94533157348633;3143944704;5802463;27,596139907836914;36,23695210053686;1016,359375;227,85394729116908;3
timm-efficientnet-b0_unet/refinement_thr-0,25_imagenet_dropout-0,5_lr-0,001_kd_T2,0_w-0,001_256x256;b0;True;2,0;True;0,25;68,94539260864258;3143944704;5802463;27,649807929992676;36,16661651075219;1016,171875;227,41168488115662;3
timm-efficientnet-b0_unet/refinement_thr-0,35_imagenet_dropout-0,5_lr-0,001_256x256;b0;False;;True;0,35;68,94533157348633;3143944704;5802463;27,922940254211426;35,81284746147666;1015,921875;225,18722422333875;3
timm-efficientnet-b0_unet/refinement_thr-0,35_imagenet_dropout-0,5_lr-0,001_kd_T2,0_w-0,001_256x256;b0;True;2,0;True;0,35;68,94539260864258;3143944704;5802463;27,951407432556152;35,7763737805653;1019,859375;224,95788175146546;3
timm-efficientnet-b0_unet/refinement_thr-0,45_imagenet_dropout-0,5_lr-0,001_256x256;b0;False;;True;0,45;68,94533157348633;3143944704;5802463;27,389919757843018;36,50978202349984;1015,546875;229,56947167395342;3
timm-efficientnet-b0_unet/refinement_thr-0,45_imagenet_dropout-0,5_lr-0,001_kd_T2,0_w-0,001_256x256;b0;True;2,0;True;0,45;68,94539260864258;3143944704;5802463;27,086567878723145;36,918667749911315;1030,0390625;232,14049990213857;3
timm-efficientnet-b0_unet/refinement_thr-1,0_imagenet_dropout-0,5_lr-0,001_256x256;b0;False;;True;1,0;68,94533157348633;3143944704;5802463;29,67289686203003;33,700787781176096;1032,3125;211,90682653051297;3
timm-efficientnet-b0_unet/refinement_thr-1,0_imagenet_dropout-0,5_lr-0,001_kd_T2,0_w-0,001_256x256;b0;True;2,0;True;1,0;68,94539260864258;3143944704;5802463;26,862990856170654;37,22593680481009;1060,05078125;234,0725737378427;3
timm-efficientnet-b0_unet/refinement_thr-adaptive_imagenet_dropout-0,5_lr-0,001_256x256;b0;False;;True;adaptive;68,94533157348633;3143944704;5802463;30,2213191986084;33,0892239821896;1067,4296875;208,06138099654956;3
timm-efficientnet-b0_unet/refinement_thr-adaptive_imagenet_dropout-0,5_lr-0,001_kd_T2,0_w-0,001_256x256;b0;True;2,0;True;adaptive;68,94539260864258;3143944704;5802463;28,11518907546997;35,56796283018716;1075,44140625;223,64741674407153;3
timm-efficientnet-b3_unet/imagenet_dropout-0,5_lr-0,001_256x256;b3;False;;False;;146,96746921539307;4003157056;12484523;43,56689453125;22,953208181563465;1085,2265625;183,7705945797254;3
timm-efficientnet-b3_unet/imagenet_dropout-0,5_lr-0,001_kd_T2,0_w-0,001_256x256;b3;True;2,0;False;;146,96753025054932;4003157056;12484523;43,84056329727173;22,809925894867135;1098,8359375;182,62343158574896;3
timm-efficientnet-b3_unet/refinement_thr-0,05_imagenet_dropout-0,5_lr-0,001_256x256;b3;False;;True;0,05;146,96753025054932;4003157056;12484523;44,0595269203186;22,69656689252461;1093,34765625;181,71584380557175;3
timm-efficientnet-b3_unet/refinement_thr-0,05_imagenet_dropout-0,5_lr-0,001_kd_T2,0_w-0,001_256x256;b3;True;2,0;True;0,05;146,96753025054932;4003157056;12484523;43,581461906433105;22,945535928715348;1090,5546875;183,7091681134767;3
timm-efficientnet-b3_unet/refinement_thr-0,15_imagenet_dropout-0,5_lr-0,001_256x256;b3;False;;True;0,15;146,96753025054932;4003157056;12484523;43,68630647659302;22,890467989913425;1096,46875;183,26827689792813;3
timm-efficientnet-b3_unet/refinement_thr-0,15_imagenet_dropout-0,5_lr-0,001_kd_T2,0_w-0,001_256x256;b3;True;2,0;True;0,15;146,96753025054932;4003157056;12484523;40,3043270111084;24,811231799612656;1095,9375;198,64651529334196;3
timm-efficientnet-b3_unet/refinement_thr-0,25_imagenet_dropout-0,5_lr-0,001_256x256;b3;False;;True;0,25;146,96753025054932;4003157056;12484523;41,45379066467285;24,123246245178866;1095,9609375;193,13828684002655;3
timm-efficientnet-b3_unet/refinement_thr-0,25_imagenet_dropout-0,5_lr-0,001_kd_T2,0_w-0,001_256x256;b3;True;2,0;True;0,25;146,96753025054932;4003157056;12484523;41,11893177032471;24,319697933439365;1101,6796875;194,7111407640728;3
timm-efficientnet-b3_unet/refinement_thr-0,35_imagenet_dropout-0,5_lr-0,001_256x256;b3;False;;True;0,35;146,96753025054932;4003157056;12484523;41,00261926651001;24,388685842242687;1129,68359375;195,26347963188226;3
timm-efficientnet-b3_unet/refinement_thr-0,35_imagenet_dropout-0,5_lr-0,001_kd_T2,0_w-0,001_256x256;b3;True;2,0;True;0,35;146,96753025054932;4003157056;12484523;43,77729892730713;22,84288945420126;1160,625;182,88734819602752;3
timm-efficientnet-b3_unet/refinement_thr-0,45_imagenet_dropout-0,5_lr-0,001_256x256;b3;False;;True;0,45;146,96753025054932;4003157056;12484523;39,586663246154785;25,261032832746622;1161,18359375;202,24776365251464;3
timm-efficientnet-b3_unet/refinement_thr-0,45_imagenet_dropout-0,5_lr-0,001_kd_T2,0_w-0,001_256x256;b3;True;2,0;True;0,45;146,96753025054932;4003157056;12484523;41,68907403945923;23,987100290437912;1139,43359375;192,04825956129235;3
timm-efficientnet-b3_unet/refinement_thr-1,0_imagenet_dropout-0,5_lr-0,001_256x256;b3;False;;True;1,0;146,96753025054932;4003157056;12484523;41,763293743133545;23,94447157713497;1139,45703125;191,7069606923986;3
timm-efficientnet-b3_unet/refinement_thr-1,0_imagenet_dropout-0,5_lr-0,001_kd_T2,0_w-0,001_256x256;b3;True;2,0;True;1,0;146,96753025054932;4003157056;12484523;41,468167304992676;24,11488293285636;1139,48046875;193,07132753455582;3
timm-efficientnet-b3_unet/refinement_thr-adaptive_imagenet_dropout-0,5_lr-0,001_256x256;b3;False;;True;adaptive;146,96753025054932;4003157056;12484523;41,482532024383545;24,106532345040975;1149,73828125;193,004470105486;3
timm-efficientnet-b3_unet/refinement_thr-adaptive_imagenet_dropout-0,5_lr-0,001_kd_T2,0_w-0,001_256x256;b3;True;2,0;True;adaptive;146,96759128570557;4003157056;12484523;41,55064821243286;24,06701322413493;1139,6875;192,6880676100821;3
timm-efficientnet-b5_unet/imagenet_dropout-0,5_lr-0,001_256x256;b5;False;;False;;350,66991329193115;5967162176;29997299;63,747572898864746;15,68687174312496;1169,98828125;187,21221545067692;3
timm-efficientnet-b5_unet/imagenet_dropout-0,5_lr-0,001_kd_T2,0_w-0,001_256x256;b5;True;2,0;False;;350,6699743270874;5967162176;29997299;59,547293186187744;16,79337458502571;1256,31640625;200,41757926233026;3
timm-efficientnet-b5_unet/refinement_thr-0,05_imagenet_dropout-0,5_lr-0,001_256x256;b5;False;;True;0,05;350,6699743270874;5967162176;29997299;60,305142402648926;16,582333780478308;1365,7421875;197,8989498493545;3
timm-efficientnet-b5_unet/refinement_thr-0,05_imagenet_dropout-0,5_lr-0,001_kd_T2,0_w-0,001_256x256;b5;True;2,0;True;0,05;350,6699743270874;5967162176;29997299;58,78181457519531;17,012064143082426;1377,7421875;203,02749138057462;3
timm-efficientnet-b5_unet/refinement_thr-0,15_imagenet_dropout-0,5_lr-0,001_256x256;b5;False;;True;0,15;350,6699743270874;5967162176;29997299;60,337257385253906;16,57350770213156;1372,125;197,79361656760827;3
timm-efficientnet-b5_unet/refinement_thr-0,15_imagenet_dropout-0,5_lr-0,001_kd_T2,0_w-0,001_256x256;b5;True;2,0;True;0,15;350,6699743270874;5967162176;29997299;59,91041660308838;16,69158815277626;1374,3125;199,2028269652324;3
timm-efficientnet-b5_unet/refinement_thr-0,25_imagenet_dropout-0,5_lr-0,001_256x256;b5;False;;True;0,25;350,6699743270874;5967162176;29997299;60,176777839660645;16,617705963992826;1372,37890625;198,32109296045522;3
timm-efficientnet-b5_unet/refinement_thr-0,25_imagenet_dropout-0,5_lr-0,001_kd_T2,0_w-0,001_256x256;b5;True;2,0;True;0,25;350,6699743270874;5967162176;29997299;59,668922424316406;16,75914294025323;1374,64453125;200,00904771051304;3
timm-efficientnet-b5_unet/refinement_thr-0,35_imagenet_dropout-0,5_lr-0,001_256x256;b5;False;;True;0,35;350,6699743270874;5967162176;29997299;60,74270009994507;16,462883578678852;1355,4140625;196,47339239716797;3
timm-efficientnet-b5_unet/refinement_thr-0,35_imagenet_dropout-0,5_lr-0,001_kd_T2,0_w-0,001_256x256;b5;True;2,0;True;0,35;350,6699743270874;5967162176;29997299;60,12595891952515;16,63175137611423;1357,6015625;198,4887154643696;3
timm-efficientnet-b5_unet/refinement_thr-0,45_imagenet_dropout-0,5_lr-0,001_256x256;b5;False;;True;0,45;350,6699743270874;5967162176;29997299;60,84059476852417;16,436394216799293;1345,09765625;196,15725976061978;3
timm-efficientnet-b5_unet/refinement_thr-0,45_imagenet_dropout-0,5_lr-0,001_kd_T2,0_w-0,001_256x256;b5;True;2,0;True;0,45;350,6699743270874;5967162176;29997299;59,80966091156006;16,71970689615997;1347,359375;199,53840516914426;3
timm-efficientnet-b5_unet/refinement_thr-1,0_imagenet_dropout-0,5_lr-0,001_256x256;b5;False;;True;1,0;350,6699743270874;5967162176;29997299;60,77749729156494;16,453458015928963;1345,546875;196,36090467411063;3
timm-efficientnet-b5_unet/refinement_thr-1,0_imagenet_dropout-0,5_lr-0,001_kd_T2,0_w-0,001_256x256;b5;True;2,0;True;1,0;350,67003536224365;5967162176;29997299;60,00399589538574;16,665556769643388;1347,734375;198,89215999559357;3
timm-efficientnet-b5_unet/refinement_thr-adaptive_imagenet_dropout-0,5_lr-0,001_256x256;b5;False;;True;adaptive;350,6699743270874;5967162176;29997299;60,56008338928223;16,512526800400305;1358,28125;197,06585070707;3
timm-efficientnet-b5_unet/refinement_thr-adaptive_imagenet_dropout-0,5_lr-0,001_kd_T2,0_w-0,001_256x256;b5;True;2,0;True;adaptive;350,67003536224365;5967162176;29997299;63,954174518585205;15,636195878181464;1357,17578125;186,60743324162308;3
timm-efficientnet-b7_unet/imagenet_dropout-0,5_lr-0,001_256x256;b7;False;;False;;757,5920314788818;9818342400;65148819;89,59705829620361;11,161080720909917;1539,203125;219,16662414386482;3
timm-efficientnet-b7_unet/imagenet_dropout-0,5_lr-0,001_kd_T2,0_w-0,001_256x256;b7;True;2,0;False;;757,5920314788818;9818342400;65148819;89,29808139801025;11,198448884281204;1660,18359375;219,90041098954168;3
timm-efficientnet-b7_unet/refinement_thr-0,05_imagenet_dropout-0,5_lr-0,001_256x256;b7;False;;True;0,05;757,5920314788818;9818342400;65148819;89,56122398376465;11,165546377317002;1951,6953125;219,25431483115588;3
timm-efficientnet-b7_unet/refinement_thr-0,05_imagenet_dropout-0,5_lr-0,001_kd_T2,0_w-0,001_256x256;b7;True;2,0;True;0,05;757,5920925140381;9818342400;65148819;89,8779034614563;11,126205234959059;1954,53515625;218,48178521900098;3
timm-efficientnet-b7_unet/refinement_thr-0,15_imagenet_dropout-0,5_lr-0,001_256x256;b7;False;;True;0,15;757,5920314788818;9818342400;65148819;89,60881233215332;11,159616715968696;1949,16015625;219,1378759402884;3
timm-efficientnet-b7_unet/refinement_thr-0,15_imagenet_dropout-0,5_lr-0,001_kd_T2,0_w-0,001_256x256;b7;True;2,0;True;0,15;757,5920925140381;9818342400;65148819;89,85140323638916;11,129486730097137;1883,65234375;218,54622290470013;3
timm-efficientnet-b7_unet/refinement_thr-0,25_imagenet_dropout-0,5_lr-0,001_256x256;b7;False;;True;0,25;757,5920314788818;9818342400;65148819;89,69697952270508;11,148647427384876;1886,52734375;218,92247547788773;3
timm-efficientnet-b7_unet/refinement_thr-0,25_imagenet_dropout-0,5_lr-0,001_kd_T2,0_w-0,001_256x256;b7;True;2,0;True;0,25;757,5920925140381;9818342400;65148819;90,64650535583496;11,03186489180666;1896,40625;216,6292536365935;3
timm-efficientnet-b7_unet/refinement_thr-0,35_imagenet_dropout-0,5_lr-0,001_256x256;b7;False;;True;0,35;757,5920314788818;9818342400;65148819;90,63606262207031;11,033135940268606;1895,09765625;216,65421281460627;3
timm-efficientnet-b7_unet/refinement_thr-0,35_imagenet_dropout-0,5_lr-0,001_kd_T2,0_w-0,001_256x256;b7;True;2,0;True;0,35;757,5920925140381;9818342400;65148819;90,97541570663452;10,991980550269401;1893,78515625;215,84605739337078;3
timm-efficientnet-b7_unet/refinement_thr-0,45_imagenet_dropout-0,5_lr-0,001_256x256;b7;False;;True;0,45;757,5920314788818;9818342400;65148819;89,66230154037476;11,152959301961504;2010,87109375;219,0071463998461;3
timm-efficientnet-b7_unet/refinement_thr-0,45_imagenet_dropout-0,5_lr-0,001_kd_T2,0_w-0,001_256x256;b7;True;2,0;True;0,45;757,5920925140381;9818342400;65148819;90,1195764541626;11,096368173774414;2009,62109375;217,89588425315983;3
timm-efficientnet-b7_unet/refinement_thr-1,0_imagenet_dropout-0,5_lr-0,001_256x256;b7;False;;True;1,0;757,5920314788818;9818342400;65148819;90,13532400131226;11,09442952671298;2008,30859375;217,857815651876;3
timm-efficientnet-b7_unet/refinement_thr-1,0_imagenet_dropout-0,5_lr-0,001_kd_T2,0_w-0,001_256x256;b7;True;2,0;True;1,0;757,5920925140381;9818342400;65148819;90,52914381027222;11,04616654826389;2011,12109375;216,910090756562;3
timm-efficientnet-b7_unet/refinement_thr-adaptive_imagenet_dropout-0,5_lr-0,001_256x256;b7;False;;True;adaptive;757,5920925140381;9818342400;65148819;89,96163606643677;11,115849418984542;2009,87109375;218,2784313248626;3
timm-efficientnet-b7_unet/refinement_thr-adaptive_imagenet_dropout-0,5_lr-0,001_kd_T2,0_w-0,001_256x256;b7;True;2,0;True;adaptive;757,5920925140381;9818342400;65148819;88,91605138778687;11,24656329641462;2008,765625;220,8452185349429;3
timm-efficientnet-b0_unet/imagenet_dropout-0,5_lr-0,001_256x256;b0;False;;False;;68,94533157348633;3143944704;5802463;25,13371706008911;39,78719095186848;921,0546875;250,17745656032724;4
timm-efficientnet-b0_unet/imagenet_dropout-0,5_lr-0,001_kd_T1,0_w-0,001_256x256;b0;True;1,0;False;;68,94539260864258;3143944704;5802463;23,071014881134033;43,34443045319755;929,3984375;272,5449851424536;4
timm-efficientnet-b0_unet/imagenet_dropout-0,5_lr-0,001_kd_T1,5_w-0,001_256x256;b0;True;1,5;False;;68,94539260864258;3143944704;5802463;23,07133674621582;43,34382576094213;963,60546875;272,5411829044255;4
timm-efficientnet-b0_unet/imagenet_dropout-0,5_lr-0,001_kd_T2,0_w-0,001_256x256;b0;True;2,0;False;;68,94539260864258;3143944704;5802463;22,724950313568115;44,00449665242797;966,16796875;276,6954084051733;4
timm-efficientnet-b0_unet/imagenet_dropout-0,5_lr-0,001_kd_T2,5_w-0,001_256x256;b0;True;2,5;False;;68,94539260864258;3143944704;5802463;24,801206588745117;40,32061893528212;974,21875;253,53159272716468;4
timm-efficientnet-b0_unet/imagenet_dropout-0,5_lr-0,001_kd_T3,0_w-0,001_256x256;b0;True;3,0;False;;68,94539260864258;3143944704;5802463;24,45322275161743;40,894405214292505;978,87109375;257,1394973934098;4
timm-efficientnet-b0_unet/refinement_thr-0,05_imagenet_dropout-0,5_lr-0,001_256x256;b0;False;;True;0,05;68,94533157348633;3143944704;5802463;25,729691982269287;38,865603237268246;989,97265625;244,38261493114948;4
timm-efficientnet-b0_unet/refinement_thr-0,05_imagenet_dropout-0,5_lr-0,001_kd_T2,0_w-0,001_256x256;b0;True;2,0;True;0,05;68,94539260864258;3143944704;5802463;24,21635389328003;41,29440808500479;1007,09375;259,65467120733115;4
timm-efficientnet-b0_unet/refinement_thr-0,15_imagenet_dropout-0,5_lr-0,001_256x256;b0;False;;True;0,15;68,94533157348633;3143944704;5802463;24,5261549949646;40,77279949528605;1021,9296875;256,37485408091686;4
timm-efficientnet-b0_unet/refinement_thr-0,15_imagenet_dropout-0,5_lr-0,001_kd_T2,0_w-0,001_256x256;b0;True;2,0;True;0,15;68,94539260864258;3143944704;5802463;23,52890968322754;42,500906904022195;1030,0859375;267,2410023521952;4
timm-efficientnet-b0_unet/refinement_thr-0,25_imagenet_dropout-0,5_lr-0,001_256x256;b0;False;;True;0,25;68,94533157348633;3143944704;5802463;23,620831966400146;42,335511358044755;1030,3984375;266,2010134505133;4
timm-efficientnet-b0_unet/refinement_thr-0,25_imagenet_dropout-0,5_lr-0,001_kd_T2,0_w-0,001_256x256;b0;True;2,0;True;0,25;68,94539260864258;3143944704;5802463;23,366260528564453;42,79674956022742;1027,71484375;269,1012282565826;4
timm-efficientnet-b0_unet/refinement_thr-0,35_imagenet_dropout-0,5_lr-0,001_256x256;b0;False;;True;0,35;68,94533157348633;3143944704;5802463;23,241758346557617;43,0260045341239;1026,1875;270,5427581786776;4
timm-efficientnet-b0_unet/refinement_thr-0,35_imagenet_dropout-0,5_lr-0,001_kd_T2,0_w-0,001_256x256;b0;True;2,0;True;0,35;68,94539260864258;3143944704;5802463;22,920167446136475;43,62969870748324;1029,3125;274,3387203770152;4
timm-efficientnet-b0_unet/refinement_thr-0,45_imagenet_dropout-0,5_lr-0,001_256x256;b0;False;;True;0,45;68,94533157348633;3143944704;5802463;22,97980785369873;43,51646481844035;1024,1875;273,6267182054757;4
timm-efficientnet-b0_unet/refinement_thr-0,45_imagenet_dropout-0,5_lr-0,001_kd_T2,0_w-0,001_256x256;b0;True;2,0;True;0,45;68,94539260864258;3143944704;5802463;22,497940063476562;44,44851382742425;1030,015625;279,4873392968025;4
timm-efficientnet-b0_unet/refinement_thr-1,0_imagenet_dropout-0,5_lr-0,001_256x256;b0;False;;True;1,0;68,94533157348633;3143944704;5802463;25,593650341033936;39,07219121442455;1034,328125;245,68161728453077;4
timm-efficientnet-b0_unet/refinement_thr-1,0_imagenet_dropout-0,5_lr-0,001_kd_T2,0_w-0,001_256x256;b0;True;2,0;True;1,0;68,94539260864258;3143944704;5802463;23,497116565704346;42,5584133782427;1067,65234375;267,6025967023378;4
timm-efficientnet-b0_unet/refinement_thr-adaptive_imagenet_dropout-0,5_lr-0,001_256x256;b0;False;;True;adaptive;68,94533157348633;3143944704;5802463;24,347412586212158;41,07212610206869;1075,67578125;258,256986681238;4
timm-efficientnet-b0_unet/refinement_thr-adaptive_imagenet_dropout-0,5_lr-0,001_kd_T2,0_w-0,001_256x256;b0;True;2,0;True;adaptive;68,94539260864258;3143944704;5802463;23,35425615310669;42,81874761688676;1069,24609375;269,2395496040475;4
timm-efficientnet-b3_unet/imagenet_dropout-0,5_lr-0,001_256x256;b3;False;;False;;146,96746921539307;4003157056;12484523;34,86760854721069;28,679913583577186;1085,57421875;229,62039685513452;4
timm-efficientnet-b3_unet/imagenet_dropout-0,5_lr-0,001_kd_T2,0_w-0,001_256x256;b3;True;2,0;False;;146,96753025054932;4003157056;12484523;34,90356206893921;28,650370928470455;1085,44921875;229,38386907864756;4
timm-efficientnet-b3_unet/refinement_thr-0,05_imagenet_dropout-0,5_lr-0,001_256x256;b3;False;;True;0,05;146,96753025054932;4003157056;12484523;36,52845621109009;27,375917400429273;1084,4453125;219,18019381200327;4
timm-efficientnet-b3_unet/refinement_thr-0,05_imagenet_dropout-0,5_lr-0,001_kd_T2,0_w-0,001_256x256;b3;True;2,0;True;0,05;146,96753025054932;4003157056;12484523;36,85729503631592;27,131670921989485;1076,58984375;217,2246797848645;4
timm-efficientnet-b3_unet/refinement_thr-0,15_imagenet_dropout-0,5_lr-0,001_256x256;b3;False;;True;0,15;146,96753025054932;4003157056;12484523;36,62092685699463;27,306791111678244;1084,34765625;218,6267470308657;4
timm-efficientnet-b3_unet/refinement_thr-0,15_imagenet_dropout-0,5_lr-0,001_kd_T2,0_w-0,001_256x256;b3;True;2,0;True;0,15;146,96753025054932;4003157056;12484523;35,120582580566406;28,473331776487647;1085,3984375;227,96643801775107;4
timm-efficientnet-b3_unet/refinement_thr-0,25_imagenet_dropout-0,5_lr-0,001_256x256;b3;False;;True;0,25;146,96753025054932;4003157056;12484523;34,894371032714844;28,657917320316812;1085,53515625;229,44428786218174;4
timm-efficientnet-b3_unet/refinement_thr-0,25_imagenet_dropout-0,5_lr-0,001_kd_T2,0_w-0,001_256x256;b3;True;2,0;True;0,25;146,96753025054932;4003157056;12484523;34,54021215438843;28,951761950105663;1108,49609375;231,7969002683956;4
timm-efficientnet-b3_unet/refinement_thr-0,35_imagenet_dropout-0,5_lr-0,001_256x256;b3;False;;True;0,35;146,96753025054932;4003157056;12484523;34,11372900009155;29,313711203994036;1149,2578125;234,69477968762996;4
timm-efficientnet-b3_unet/refinement_thr-0,35_imagenet_dropout-0,5_lr-0,001_kd_T2,0_w-0,001_256x256;b3;True;2,0;True;0,35;146,96753025054932;4003157056;12484523;34,67278480529785;28,8410638376876;1194,83984375;230,91061640877112;4
timm-efficientnet-b3_unet/refinement_thr-0,45_imagenet_dropout-0,5_lr-0,001_256x256;b3;False;;True;0,45;146,96753025054932;4003157056;12484523;33,504533767700195;29,846706924304158;1191,84765625;238,96211084478452;4
timm-efficientnet-b3_unet/refinement_thr-0,45_imagenet_dropout-0,5_lr-0,001_kd_T2,0_w-0,001_256x256;b3;True;2,0;True;0,45;146,96753025054932;4003157056;12484523;33,41573476791382;29,926021586699083;1179,1015625;239,5971289456055;4
timm-efficientnet-b3_unet/refinement_thr-1,0_imagenet_dropout-0,5_lr-0,001_256x256;b3;False;;True;1,0;146,96753025054932;4003157056;12484523;33,5610032081604;29,796487125177737;1172,9765625;238,56003535833682;4
timm-efficientnet-b3_unet/refinement_thr-1,0_imagenet_dropout-0,5_lr-0,001_kd_T2,0_w-0,001_256x256;b3;True;2,0;True;1,0;146,96753025054932;4003157056;12484523;33,02983045578003;30,2756625208473;1170,9140625;242,3964640908092;4
timm-efficientnet-b3_unet/refinement_thr-adaptive_imagenet_dropout-0,5_lr-0,001_256x256;b3;False;;True;adaptive;146,96753025054932;4003157056;12484523;33,54214429855347;29,813240057020618;1177,1640625;238,6941645929679;4
timm-efficientnet-b3_unet/refinement_thr-adaptive_imagenet_dropout-0,5_lr-0,001_kd_T2,0_w-0,001_256x256;b3;True;2,0;True;adaptive;146,96759128570557;4003157056;12484523;33,50820541381836;29,84343648519036;1175,1640625;238,93592668195527;4
timm-efficientnet-b5_unet/imagenet_dropout-0,5_lr-0,001_256x256;b5;False;;False;;350,66991329193115;5967162176;29997299;49,52038526535034;20,19370395932087;1262,1953125;240,9982129188019;4
timm-efficientnet-b5_unet/imagenet_dropout-0,5_lr-0,001_kd_T2,0_w-0,001_256x256;b5;True;2,0;False;;350,6699743270874;5967162176;29997299;49,54148530960083;20,18510332806284;1290,7890625;240,8955701957366;4
timm-efficientnet-b5_unet/refinement_thr-0,05_imagenet_dropout-0,5_lr-0,001_256x256;b5;False;;True;0,05;350,6699743270874;5967162176;29997299;49,9481201171875;20,02077350766787;1386,984375;238,93440481843712;4
timm-efficientnet-b5_unet/refinement_thr-0,05_imagenet_dropout-0,5_lr-0,001_kd_T2,0_w-0,001_256x256;b5;True;2,0;True;0,05;350,6699743270874;5967162176;29997299;48,870861530303955;20,462090675031742;1385,546875;244,20122703586344;4
timm-efficientnet-b5_unet/refinement_thr-0,15_imagenet_dropout-0,5_lr-0,001_256x256;b5;False;;True;0,15;350,6699743270874;5967162176;29997299;50,13267993927002;19,947068483300413;1359,96484375;238,05478515126387;4
timm-efficientnet-b5_unet/refinement_thr-0,15_imagenet_dropout-0,5_lr-0,001_kd_T2,0_w-0,001_256x256;b5;True;2,0;True;0,15;350,6699743270874;5967162176;29997299;49,87969398498535;20,048238473576387;1362,65234375;239,262180629906;4
timm-efficientnet-b5_unet/refinement_thr-0,25_imagenet_dropout-0,5_lr-0,001_256x256;b5;False;;True;0,25;350,6699743270874;5967162176;29997299;50,185346603393555;19,926135170547564;1389,26171875;237,80496020710947;4
timm-efficientnet-b5_unet/refinement_thr-0,25_imagenet_dropout-0,5_lr-0,001_kd_T2,0_w-0,001_256x256;b5;True;2,0;True;0,25;350,6699743270874;5967162176;29997299;49,58314895629883;20,168142222700933;1387,8515625;240,69315086297917;4
timm-efficientnet-b5_unet/refinement_thr-0,35_imagenet_dropout-0,5_lr-0,001_256x256;b5;False;;True;0,35;350,6699743270874;5967162176;29997299;50,17681121826172;19,929524729065538;1390,85546875;237,84541229787305;4
timm-efficientnet-b5_unet/refinement_thr-0,35_imagenet_dropout-0,5_lr-0,001_kd_T2,0_w-0,001_256x256;b5;True;2,0;True;0,35;350,6699743270874;5967162176;29997299;49,757349491119385;20,097533534789235;1393,54296875;239,85048387937186;4
timm-efficientnet-b5_unet/refinement_thr-0,45_imagenet_dropout-0,5_lr-0,001_256x256;b5;False;;True;0,45;350,6699743270874;5967162176;29997299;49,7974157333374;20,081363365419374;1392,10546875;239,6575038332851;4
timm-efficientnet-b5_unet/refinement_thr-0,45_imagenet_dropout-0,5_lr-0,001_kd_T2,0_w-0,001_256x256;b5;True;2,0;True;0,45;350,6699743270874;5967162176;29997299;50,24714469909668;19,901628360944013;1390,703125;237,51248799246795;4
timm-efficientnet-b5_unet/refinement_thr-1,0_imagenet_dropout-0,5_lr-0,001_256x256;b5;False;;True;1,0;350,6699743270874;5967162176;29997299;50,26792287826538;19,89340204928928;1393,578125;237,41431252095975;4
timm-efficientnet-b5_unet/refinement_thr-1,0_imagenet_dropout-0,5_lr-0,001_kd_T2,0_w-0,001_256x256;b5;True;2,0;True;1,0;350,67003536224365;5967162176;29997299;49,03528690338135;20,393477088660465;1392,140625;243,38237024115463;4
timm-efficientnet-b5_unet/refinement_thr-adaptive_imagenet_dropout-0,5_lr-0,001_256x256;b5;False;;True;adaptive;350,6699743270874;5967162176;29997299;50,73540210723877;19,71010297476923;1386,453125;235,2267619122161;4
timm-efficientnet-b5_unet/refinement_thr-adaptive_imagenet_dropout-0,5_lr-0,001_kd_T2,0_w-0,001_256x256;b5;True;2,0;True;adaptive;350,67003536224365;5967162176;29997299;50,29904842376709;19,881091816589603;1385,03125;237,26739821107324;4
timm-efficientnet-b7_unet/imagenet_dropout-0,5_lr-0,001_256x256;b7;False;;False;;757,5920314788818;9818342400;65148819;74,39193725585938;13,442316961859147;1551,78515625;263,96254116172173;4
timm-efficientnet-b7_unet/imagenet_dropout-0,5_lr-0,001_kd_T2,0_w-0,001_256x256;b7;True;2,0;False;;757,5920314788818;9818342400;65148819;74,47247505187988;13,427779851594408;1624,48046875;263,6770805095502;4
timm-efficientnet-b7_unet/refinement_thr-0,05_imagenet_dropout-0,5_lr-0,001_256x256;b7;False;;True;0,05;757,5920314788818;9818342400;65148819;75,55789947509766;13,234883538941943;1790,18359375;259,8892364189115;4
timm-efficientnet-b7_unet/refinement_thr-0,05_imagenet_dropout-0,5_lr-0,001_kd_T2,0_w-0,001_256x256;b7;True;2,0;True;0,05;757,5920925140381;9818342400;65148819;74,88775253295898;13,353318348816627;1718,0546875;262,21490344976854;4
timm-efficientnet-b7_unet/refinement_thr-0,15_imagenet_dropout-0,5_lr-0,001_256x256;b7;False;;True;0,15;757,5920314788818;9818342400;65148819;73,8897442817688;13,533677910518026;1718,03515625;265,75656731356514;4
timm-efficientnet-b7_unet/refinement_thr-0,15_imagenet_dropout-0,5_lr-0,001_kd_T2,0_w-0,001_256x256;b7;True;2,0;True;0,15;757,5920925140381;9818342400;65148819;74,53635931015015;13,416271055565533;1931,56640625;263,45108590950366;4
timm-efficientnet-b7_unet/refinement_thr-0,25_imagenet_dropout-0,5_lr-0,001_256x256;b7;False;;True;0,25;757,5920314788818;9818342400;65148819;74,46973323822021;13,428274233252772;1928,44140625;263,68678852634633;4
timm-efficientnet-b7_unet/refinement_thr-0,25_imagenet_dropout-0,5_lr-0,001_kd_T2,0_w-0,001_256x256;b7;True;2,0;True;0,25;757,5920925140381;9818342400;65148819;74,54560995101929;13,414606180793973;1930,19921875;263,4183932883831;4
timm-efficientnet-b7_unet/refinement_thr-0,35_imagenet_dropout-0,5_lr-0,001_256x256;b7;False;;True;0,35;757,5920314788818;9818342400;65148819;74,51238632202148;13,420587493712556;1927,08203125;263,53584644485545;4
timm-efficientnet-b7_unet/refinement_thr-0,35_imagenet_dropout-0,5_lr-0,001_kd_T2,0_w-0,001_256x256;b7;True;2,0;True;0,35;757,5920925140381;9818342400;65148819;74,68165159225464;13,390169856710985;1928,08203125;262,9385448946948;4
timm-efficientnet-b7_unet/refinement_thr-0,45_imagenet_dropout-0,5_lr-0,001_256x256;b7;False;;True;0,45;757,5920314788818;9818342400;65148819;73,82105588912964;13,546270612843575;1929,09375;266,00384623991215;4
timm-efficientnet-b7_unet/refinement_thr-0,45_imagenet_dropout-0,5_lr-0,001_kd_T2,0_w-0,001_256x256;b7;True;2,0;True;0,45;757,5920925140381;9818342400;65148819;74,1767406463623;13,481314914704882;1930,09375;264,7283316695987;4
timm-efficientnet-b7_unet/refinement_thr-1,0_imagenet_dropout-0,5_lr-0,001_256x256;b7;False;;True;1,0;757,5920314788818;9818342400;65148819;74,52563047409058;13,418202484682874;1927,03125;263,4890127742945;4
timm-efficientnet-b7_unet/refinement_thr-1,0_imagenet_dropout-0,5_lr-0,001_kd_T2,0_w-0,001_256x256;b7;True;2,0;True;1,0;757,5920925140381;9818342400;65148819;75,31846761703491;13,276956258385537;1928,03125;260,71540514930416;4
timm-efficientnet-b7_unet/refinement_thr-adaptive_imagenet_dropout-0,5_lr-0,001_256x256;b7;False;;True;adaptive;757,5920925140381;9818342400;65148819;75,34115314483643;13,27295851282754;1929,03125;260,6369026798712;4
timm-efficientnet-b7_unet/refinement_thr-adaptive_imagenet_dropout-0,5_lr-0,001_kd_T2,0_w-0,001_256x256;b7;True;2,0;True;adaptive;757,5920925140381;9818342400;65148819;74,00122880935669;13,513289118160701;1926,015625;265,35619902459166;4
